show_id,type,title,director,cast,country,release_year,rating,duration,listed_in
s1,Movie,The Dark Knight,Christopher Nolan,"Christian Bale, Heath Ledger",USA,2008,PG-13,152 minutes,Action
s2,TV Show,Stranger Things,"The Duffer Brothers","Millie Bobby Brown, Finn Wolfhard",USA,2016,TV-14,3 Seasons,Sci-Fi
s3,Movie,Extraction,Sam Hargrave,"Chris Hemsworth, Rudhraksh Jaiswal",USA,2020,R,116 minutes,Action
s4,TV Show,The Witcher,Lauren Schmidt,"Henry Cavill, Freya Allan",USA,2019,TV-MA,2 Seasons,Fantasy
s5,Movie,Bird Box,Susanne Bier,"Sandra Bullock, Trevante Rhodes",USA,2018,R,124 minutes,Thriller
